topic,workbooks
cementing.plug,3
cementing.volume,2
completion.brine,1
completion.coiled-tubing,1
completion.nitrogen,3
drillstring.torque,2
hydraulics.ecd,2
hydraulics.nozzle,1
hydraulics.pressure-loss,5
motor.performance,2
production.choke,5
production.flow,8
production.metering,3
production.separator,3
production.skin,1
rheology,2
thermal,9
tubular.capacity,4
tubular.strength,3
well-control.fit-lot,3
well-control.kick,5
well-control.kill,2
well-control.maasp,3
well-control.volumetric,3
workover.u-tubing,1
