workbook_id,category,extension,bytes,integrity_matches_index,extraction_method,extraction_status,static_coverage,sheet_count,hidden_sheet_count,very_hidden_sheet_count,macro_sheet_count,formula_cells,formula_families,defined_names,unit_dimensions,canonical_units,calculation_topics,external_reference_formulas,volatile_formula_cells,iterative_calculation,vba_status,vba_pcode_inspection,has_vba,vba_modules,vba_procedures,event_procedures,macro_indicator_count
03d6e377ebce5434,cementing-casing,.xlsx,70395,True,openpyxl-read-only,ok,ooxml-formulas-names-and-vba-complete,1,0,0,0,1508,9,1,density|length|pressure,ft|in|mm|ppg|psi,casing-cementing.unresolved,0,0,,ok,enabled,False,0,0,0,0
04fb7368e003571e,hydraulics,.xlsx,29338,True,openpyxl-read-only,ok,ooxml-formulas-names-and-vba-complete,4,0,0,0,481,2,0,area|density|dynamic_viscosity|length|penetration_rate|pressure|rotational_speed|time|volumetric_flow,cP|ft|ft/h|ft^2|gal/min|in|min|ppg|psi|rpm,cross-cutting.validation|hydraulics.equivalent-circulating-density|hydraulics.pressure-loss,0,0,,ok,enabled,False,0,0,0,0
07703bad7ed83b8e,hydraulics,.xlsx,13308,True,openpyxl-read-only,ok,ooxml-formulas-names-and-vba-complete,3,0,0,0,40,2,0,,,hydraulics.unresolved,0,0,,ok,enabled,False,0,0,0,0
08779a41064fe720,well-control,.xls,14848,True,calamine-static,ok,calamine-supported-records-and-vba-complete,4,0,0,0,5,5,4,density|density_ratio|time,h|lbm/ft^3|specific-gravity,hydraulics.fluid-properties|well-control.unresolved,0,4,,ok,enabled,False,0,0,0,0
0bd17e3b1ef5840f,hydraulics,.xlsx,1023011,True,openpyxl-read-only,ok,ooxml-formulas-names-and-vba-complete,4,0,0,0,451,2,0,angle|area|density|dynamic_viscosity|length|penetration_rate|pressure|rotational_speed|time|volumetric_flow,cP|ft|ft/h|ft^2|gal/min|in|min|mm|ppg|psi|rad|rpm,cross-cutting.validation|hydraulics.equivalent-circulating-density|hydraulics.pressure-loss,0,0,,ok,enabled,False,0,0,0,0
103555378b7cd4f8,hydraulics,.xlsx,375568,True,openpyxl-read-only,ok,ooxml-formulas-names-and-vba-complete,3,0,0,0,3976,3,0,,,hydraulics.unresolved,0,0,,ok,enabled,False,0,0,0,0
10ad89a67b02b3a8,bha-tools,.xlsx,289090,True,openpyxl-read-only,ok,ooxml-formulas-names-and-vba-complete,4,0,0,0,458,21,0,angle|curvature|density|length|time,deg|deg/30m|ft|m|ppg|rad|s,bha.geometry|directional.coordinates|torque-drag.connection-capacity,0,0,,ok,enabled,False,0,0,0,0
150938c6fccf188a,hydraulics,.xlsx,22107,True,openpyxl-read-only,ok,ooxml-formulas-names-and-vba-complete,3,0,0,0,1,1,0,,,hydraulics.unresolved,0,0,,ok,enabled,False,0,0,0,0
17219f0e78ccdcfd,bha-tools,.xlsm,30720,True,openpyxl-read-only,ok,ooxml-formulas-names-and-vba-complete,5,0,0,0,19,12,0,density|force|length|linear_mass|pressure,MPa|ft|in|kN|kg/m^3|lbf|lbm/ft|lbm/ft^3|m|mm|psi,bha.geometry|hydraulics.fluid-properties|torque-drag.axial-load,0,0,,ok,enabled,True,6,8,8,1
1d0b997e43f13c8f,torque-drag-drillstring,.xls,495104,True,calamine-static,ok,calamine-supported-records-and-vba-complete,5,0,0,0,0,0,0,angle|force|length|torque,deg|ft|ft*lbf|lbf,cross-cutting.unit-conversion|hydraulics.fluid-properties|torque-drag.axial-load|torque-drag.torque,0,0,,ok,enabled,True,12,38,5,24
1e6e0ff76799305d,hydraulics,.xls,102400,True,calamine-static,ok,calamine-supported-records-and-vba-complete,1,0,0,0,50,22,1,area|density|dynamic_viscosity|fraction|length|power|pressure|pump_rate|time|volumetric_flow,cP|ft|ft^2|gal/min|hp|in|in^2|min|percent|ppg|psi|strokes/min,directional.coordinates|hydraulics.annular-velocity|hydraulics.bit-nozzle|hydraulics.equivalent-circulating-density|hydraulics.pressure-loss|hydraulics.unresolved,0,1,,ok,enabled,False,0,0,0,0
1e6f56798a002c5f,torque-drag-drillstring,.xls,37376,True,calamine-static,ok,calamine-supported-records-and-vba-complete,9,0,0,0,27,15,0,angle|length,deg|ft,torque-drag.axial-load|torque-drag.unresolved,0,0,,ok,enabled,True,11,0,0,1
1e6ff4d7941da18d,hydraulics,.xlsx,447686,True,openpyxl-read-only,ok,ooxml-formulas-names-and-vba-complete,4,0,0,0,481,2,0,angle|area|density|dynamic_viscosity|length|penetration_rate|pressure|rotational_speed|time|volumetric_flow,cP|ft|ft/h|ft^2|gal/min|in|min|ppg|psi|rad|rpm,cross-cutting.validation|hydraulics.equivalent-circulating-density|hydraulics.pressure-loss,0,0,,ok,enabled,False,0,0,0,0
1e714a35863a0d7e,bha-tools,.xls,416768,True,calamine-static,ok,calamine-supported-records-and-vba-complete,11,0,0,0,90,56,11,density_ratio|length|mass|power|volume,bbl|ft|hp|in|kg|m|specific-gravity,bha.geometry|torque-drag.connection-capacity,0,0,,ok,enabled,False,0,0,0,0
261356ca402063dc,torque-drag-drillstring,.xls,64512,True,calamine-static,ok,calamine-supported-records-and-vba-complete,2,0,0,0,74,52,0,angle|area|force|length|pressure|torque|volume,deg|ft|ft*lbf|in|in^2|in^3|lbf|psi,bha.bending-loading|hydraulics.friction-factor|torque-drag.axial-load|torque-drag.connection-capacity|torque-drag.stress-capacity,0,0,,ok,enabled,False,0,0,0,0
266671ee19a7b17b,bha-tools,.xlsx,673977,True,openpyxl-read-only,ok,ooxml-formulas-names-and-vba-complete,5,0,0,0,509,22,0,angle|curvature|density|length,deg|deg/30m|ft|m|mm|ppg|rad,bha.geometry|directional.coordinates|torque-drag.connection-capacity,0,0,,ok,enabled,False,0,0,0,0
282c3e39ed333b87,hydraulics,.xlsx,1104612,True,openpyxl-read-only,ok,ooxml-formulas-names-and-vba-complete,4,0,0,0,461,3,0,angle|area|density|dynamic_viscosity|length|penetration_rate|pressure|rotational_speed|time|volumetric_flow,cP|ft|ft/h|ft^2|gal/min|in|min|mm|ppg|psi|rad|rpm,cross-cutting.validation|hydraulics.equivalent-circulating-density|hydraulics.pressure-loss|hydraulics.unresolved,0,0,,ok,enabled,False,0,0,0,0
2f31e7e9f41839d2,hydraulics,.xlsm,1118744,True,calamine-static-ooxml-fallback,ok,calamine-supported-records-and-vba-complete,20,2,0,0,26922,444,18,angle|area|density|density_ratio|dynamic_viscosity|force|fraction|length|mass|power|pressure|pump_rate|time|velocity|volume|volumetric_flow,L/min|L/s|bar|bbl|cP|deg|ft|ft/min|ft/s|ft^2|gal|hp|in|in^2|kPa|kg|kg/m^3|lbf|m|m/s|m^2|m^3|m^3/s|min|mm|percent|ppg|psi|s|specific-gravity|strokes/min,bha.geometry|casing.capacity|cementing.volume|cross-cutting.lookup|cross-cutting.unit-conversion|directional.coordinates|directional.dogleg-severity|directional.trajectory|hydraulics.bit-nozzle|hydraulics.equivalent-circulating-density|hydraulics.fluid-properties|hydraulics.friction-factor|hydraulics.hydrostatic-pressure|hydraulics.lag|hydraulics.pressure-loss|hydraulics.reynolds-number|hydraulics.rheology|hydraulics.surge-swab|hydraulics.two-phase-flow|hydraulics.unresolved|well-control.gas-behavior|well-control.kick-tolerance|well-control.kill-density|well-control.maasp,0,7,,ok,enabled,True,27,30,15,5
30cdfd3f5cc38e9d,hydraulics,.xlsx,12021964,True,openpyxl-read-only,ok,ooxml-formulas-names-and-vba-complete,3,0,0,0,90803,4,0,,,hydraulics.fluid-properties|hydraulics.reynolds-number|hydraulics.unresolved,0,0,,ok,enabled,False,0,0,0,0
320f71bf493043d3,torque-drag-drillstring,.xls,15872,True,calamine-static,ok,calamine-supported-records-and-vba-complete,1,0,0,0,4,4,0,length,ft|in|m,torque-drag.unresolved,0,0,,ok,enabled,False,0,0,0,0
332bc3b3c75e571d,torque-drag-drillstring,.xlsm,27757,True,openpyxl-read-only,ok,ooxml-formulas-names-and-vba-complete,3,0,0,0,41,2,0,density|force|length|linear_mass|pressure,MPa|ft|in|kN|kg/m^3|lbm/ft|lbm/ft^3|m|mm|psi,bha.geometry|hydraulics.fluid-properties,41,0,,ok,enabled,True,4,6,6,1
343671c0857a9b3e,bha-tools,.xlsx,673575,True,openpyxl-read-only,ok,ooxml-formulas-names-and-vba-complete,5,0,0,0,509,22,0,angle|curvature|density|length,deg|deg/30m|ft|m|mm|ppg|rad,bha.geometry|directional.coordinates|torque-drag.connection-capacity,0,0,,ok,enabled,False,0,0,0,0
348dd5eb51c7fac7,thermal,.xlsx,19591,True,openpyxl-read-only,ok,ooxml-formulas-names-and-vba-complete,1,0,0,0,357,3,0,,,directional.coordinates|thermal.geothermal-gradient,0,0,,ok,enabled,False,0,0,0,0
399cbdbf28c48f34,torque-drag-drillstring,.xls,392704,True,calamine-static,ok,calamine-supported-records-and-vba-complete,2,0,0,0,491,20,0,fraction|length,in|percent,bha.bending-loading|torque-drag.connection-capacity,0,0,,ok,enabled,False,0,0,0,0
41a400bce396b5cf,bha-tools,.xlsx,862937,True,openpyxl-read-only,ok,ooxml-formulas-names-and-vba-complete,9,0,0,0,762,36,29,angle|curvature|density|length|rotational_speed|volume,deg|deg/30m|ft|gal|in|m|mm|ppg|rad|rpm,bha.geometry|cross-cutting.lookup|directional.coordinates|directional.trajectory|torque-drag.connection-capacity,0,0,,ok,enabled,False,0,0,0,0
431420c5c348232e,torque-drag-drillstring,.xls,45056,True,calamine-static,ok,calamine-supported-records-and-vba-complete,1,0,0,0,17,15,1,angle|density|length|pressure,deg|ft|ppg|psi,casing.strength|hydraulics.hydrostatic-pressure|torque-drag.stress-capacity|torque-drag.unresolved,0,1,,ok,enabled,False,0,0,0,0
482b9ee6b3cdd008,hydraulics,.xlsx,12706,True,openpyxl-read-only,ok,ooxml-formulas-names-and-vba-complete,3,0,0,0,32,17,0,,,hydraulics.unresolved,0,0,,ok,enabled,False,0,0,0,0
48e84a7374ffc7ba,torque-drag-drillstring,.xls,42496,True,calamine-static,ok,calamine-supported-records-and-vba-complete,3,0,0,0,96,51,112,angle|area|dynamic_viscosity|force|fraction|length|pressure|time|volume,N|cP|deg|ft|in^2|in^3|min|percent|psi,bha.bending-loading|bha.motor-performance|torque-drag.connection-capacity|torque-drag.unresolved|well-control.pressure-schedule,0,3,,ok,enabled,False,0,0,0,0
4cbca8b6c3894d03,hydraulics,.xls,97280,True,calamine-static,ok,calamine-supported-records-and-vba-complete,4,0,0,0,16,15,0,fraction|length|temperature|time|volume,bbl|degF|h|m|mm|percent,hydraulics.unresolved,0,0,,ok,enabled,False,0,0,0,0
4d958ab4bc13174c,hydraulics,.xlsx,1028779,True,openpyxl-read-only,ok,ooxml-formulas-names-and-vba-complete,4,0,0,0,655,31,0,angle|area|density|dynamic_viscosity|length|penetration_rate|pressure|rotational_speed|time|volumetric_flow,cP|ft|ft/h|ft^2|gal/min|in|min|mm|ppg|psi|rad|rpm,cross-cutting.validation|hydraulics.equivalent-circulating-density|hydraulics.pressure-loss|hydraulics.reynolds-number|hydraulics.unresolved,0,0,,ok,enabled,False,0,0,0,0
53335805f35b505d,uncategorized,.xlsx,29282,True,openpyxl-read-only,ok,ooxml-formulas-names-and-vba-complete,4,0,0,0,481,2,0,area|density|dynamic_viscosity|length|penetration_rate|pressure|rotational_speed|time|volumetric_flow,cP|ft|ft/h|ft^2|gal/min|in|min|ppg|psi|rpm,cross-cutting.validation|hydraulics.equivalent-circulating-density|hydraulics.pressure-loss,0,0,,ok,enabled,False,0,0,0,0
56583a81cfd6535e,hydraulics,.xlsx,1037406,True,openpyxl-read-only,ok,ooxml-formulas-names-and-vba-complete,4,0,0,0,765,40,0,angle|area|density|dynamic_viscosity|length|penetration_rate|pressure|rotational_speed|time|volumetric_flow,cP|ft|ft/h|ft^2|gal/min|in|min|mm|ppg|psi|rad|rpm,cross-cutting.validation|hydraulics.equivalent-circulating-density|hydraulics.pressure-loss|hydraulics.reynolds-number|hydraulics.unresolved,0,0,,ok,enabled,False,0,0,0,0
5692bbb13d3ca49e,bha-tools,.xls,32768,True,calamine-static,ok,calamine-supported-records-and-vba-complete,3,0,0,0,8,6,0,length|pressure|rotational_speed|time|velocity,ft/min|in|min|psi|rpm,bha.unresolved,0,0,,ok,enabled,False,0,0,0,0
581aa9ad4b0e03f1,bha-tools,.xlsx,942822,True,openpyxl-read-only,ok,ooxml-formulas-names-and-vba-complete,8,0,0,0,45,1,0,angle|length|rotational_speed,deg|ft|m|mm|rpm,bha.geometry,0,0,,ok,enabled,False,0,0,0,0
5a338156f0e62d7c,torque-drag-drillstring,.xlsm,33527,True,openpyxl-read-only,ok,ooxml-formulas-names-and-vba-complete,6,0,0,0,143,29,0,density|force|length|linear_mass|pressure,MPa|ft|in|kN|kg/m^3|lbm/ft|lbm/ft^3|m|mm|psi,bha.geometry|hydraulics.fluid-properties|torque-drag.unresolved,0,0,,ok,enabled,False,0,0,0,0
5adf5f7d44a22ab7,bha-tools,.xlsx,16488,True,openpyxl-read-only,ok,ooxml-formulas-names-and-vba-complete,1,0,0,0,0,0,0,,,,0,0,,ok,enabled,False,0,0,0,0
5eb097b4508eedac,hydraulics,.xlsx,595993,True,openpyxl-read-only,ok,ooxml-formulas-names-and-vba-complete,3,0,0,0,13,8,0,,,hydraulics.reynolds-number|hydraulics.unresolved,0,0,,ok,enabled,False,0,0,0,0
659bcaadadb110f0,torque-drag-drillstring,.xls,337920,True,calamine-static,ok,calamine-supported-records-and-vba-complete,5,0,0,0,0,0,0,angle|force|length|torque,deg|ft|ft*lbf|lbf,cross-cutting.unit-conversion|hydraulics.fluid-properties|torque-drag.axial-load|torque-drag.torque,0,0,,ok,enabled,True,12,38,5,24
65e07d7859867671,hydraulics,.xls,5943808,True,calamine-static,ok,calamine-supported-records-and-vba-complete,13,6,0,0,532,8,9,angle|area|density|force|fraction|length|linear_mass|penetration_rate|pressure|rotational_speed|time|volumetric_flow,Pa|deg|ft|ft/h|ft^2|gal/min|in|lbf|lbm/ft|lbm/ft^3|m^2|min|percent|ppg|rpm,bha.geometry|cross-cutting.lookup|directional.coordinates|hydraulics.fluid-properties|hydraulics.hole-cleaning|hydraulics.reynolds-number|hydraulics.rheology|hydraulics.unresolved,0,0,,ok,enabled,True,22,38,1,8
69b5527651746601,hydraulics,.xlsx,1027358,True,openpyxl-read-only,ok,ooxml-formulas-names-and-vba-complete,4,0,0,0,451,3,0,angle|area|density|dynamic_viscosity|length|penetration_rate|pressure|rotational_speed|time|volumetric_flow,cP|ft|ft/h|ft^2|gal/min|in|min|mm|ppg|psi|rad|rpm,cross-cutting.validation|hydraulics.equivalent-circulating-density|hydraulics.pressure-loss|hydraulics.unresolved,0,0,,ok,enabled,False,0,0,0,0
6abd1401132ecde4,hydraulics,.xlsx,1024335,True,openpyxl-read-only,ok,ooxml-formulas-names-and-vba-complete,4,0,0,0,481,2,0,angle|area|density|dynamic_viscosity|length|penetration_rate|pressure|rotational_speed|time|volumetric_flow,cP|ft|ft/h|ft^2|gal/min|in|min|mm|ppg|psi|rad|rpm,cross-cutting.validation|hydraulics.equivalent-circulating-density|hydraulics.pressure-loss,0,0,,ok,enabled,False,0,0,0,0
779e267fd49f229e,directional,.xls,4717568,True,calamine-static,ok,calamine-supported-records-and-vba-complete,10,0,0,0,2266,124,9615,angle|fraction|length|time,deg|ft|h|percent|rad|s,cross-cutting.lookup|directional.coordinates|directional.dogleg-severity|directional.unresolved|torque-drag.connection-capacity,0,0,,ok,enabled,True,11,15,0,6
779fd4af0ea2b337,hydraulics,.xlsx,1025804,True,openpyxl-read-only,ok,ooxml-formulas-names-and-vba-complete,4,0,0,0,552,7,0,angle|area|density|dynamic_viscosity|length|penetration_rate|pressure|rotational_speed|time|volumetric_flow,cP|ft|ft/h|ft^2|gal/min|in|min|mm|ppg|psi|rad|rpm,cross-cutting.validation|hydraulics.equivalent-circulating-density|hydraulics.fluid-properties|hydraulics.pressure-loss|hydraulics.reynolds-number,0,0,,ok,enabled,False,0,0,0,0
787752da0f1ca014,general-drilling,.xls,54784,True,calamine-static-after-standard-office-decryption,ok,calamine-supported-records-and-vba-complete,4,0,0,0,0,0,4,fraction|length|time|volume,bbl|ft|h|m|mm|percent,,0,0,,ok,enabled,False,0,0,0,0
7a610befec9d9d7c,bha-tools,.xlsx,146014,True,openpyxl-read-only,ok,ooxml-formulas-names-and-vba-complete,2,0,0,0,401,22,0,angle|area|length|linear_mass|mass|penetration_rate|pressure|rotational_speed|torque|volume,N*m|bbl|deg|kPa|kg|kg/m|lbm/ft|m|m/h|m^2|mm|rpm,bha.geometry|cross-cutting.lookup|torque-drag.axial-load|torque-drag.connection-capacity|torque-drag.stress-capacity,0,0,,ok,enabled,False,0,0,0,0
7d8cc3b6df44e74a,bha-tools,.xlsm,116113,True,openpyxl-read-only,ok,ooxml-formulas-names-and-vba-complete,2,0,0,0,0,0,30,,,bha.geometry,0,0,,ok,enabled,True,4,4,0,6
7e5801830b4e42cc,hydraulics,.xlsb,28567,True,calamine-static,ok,calamine-supported-records-and-vba-complete,2,0,0,0,134,38,4,density|power|pressure|time|volumetric_flow,gal/min|hp|ppg|psi|s,hydraulics.bit-nozzle,0,2,,ok,enabled,False,0,0,0,0
7e74eb7c519c8177,bha-tools,.xlsx,862535,True,openpyxl-read-only,ok,ooxml-formulas-names-and-vba-complete,9,0,0,0,772,38,29,angle|curvature|density|length|rotational_speed|volume,deg|deg/30m|ft|gal|in|m|mm|ppg|rad|rpm,bha.geometry|cross-cutting.lookup|directional.coordinates|directional.trajectory|torque-drag.connection-capacity,0,0,,ok,enabled,False,0,0,0,0
7ebe5b47d502226d,bha-tools,.xlsx,853775,True,openpyxl-read-only,ok,ooxml-formulas-names-and-vba-complete,7,0,0,0,762,36,29,angle|curvature|density|length|rotational_speed|volume,deg|deg/30m|ft|gal|in|m|mm|ppg|rad|rpm,bha.geometry|cross-cutting.lookup|directional.coordinates|directional.trajectory|torque-drag.connection-capacity,0,0,,ok,enabled,False,0,0,0,0
80929f251aead383,hydraulics,.xlsx,1036271,True,openpyxl-read-only,ok,ooxml-formulas-names-and-vba-complete,4,0,0,0,271,3,0,angle|area|density|dynamic_viscosity|length|penetration_rate|pressure|rotational_speed|time|volumetric_flow,cP|ft|ft/h|ft^2|gal/min|in|min|mm|ppg|psi|rad|rpm,cross-cutting.validation|hydraulics.equivalent-circulating-density|hydraulics.unresolved,0,0,,ok,enabled,False,0,0,0,0
86bfc7a842aae7f0,hydraulics,.xlsx,12630,True,openpyxl-read-only,ok,ooxml-formulas-names-and-vba-complete,3,0,0,0,43,1,0,area|density|dynamic_viscosity,cP|ft^2|ppg,hydraulics.unresolved,0,0,,ok,enabled,False,0,0,0,0
86e1a87c92bcaf52,bha-tools,.xlsm,33318,True,openpyxl-read-only,ok,ooxml-formulas-names-and-vba-complete,5,0,0,0,32,4,0,density|force|length|linear_mass|pressure,MPa|ft|in|kN|kg/m^3|lbf|lbm/ft|lbm/ft^3|m|mm|psi,bha.geometry|bha.unresolved|hydraulics.fluid-properties,0,0,,ok,enabled,True,6,8,8,1
8798ede1448cb8e6,bha-tools,.xls,17920,True,calamine-static,ok,calamine-supported-records-and-vba-complete,3,0,0,0,7,7,6,time,min,bha.geometry|bha.motor-performance|cross-cutting.lookup,0,0,,ok,enabled,False,0,0,0,0
8b22cd9c8f783873,bha-tools,.xls,860160,True,calamine-static,ok,calamine-supported-records-and-vba-complete,22,0,0,0,291,157,22,density_ratio|length|mass|power|time|volume,bbl|ft|hp|in|kg|m|s|specific-gravity,bha.geometry|torque-drag.connection-capacity,0,0,,ok,enabled,False,0,0,0,0
8c2e041f05eb97d0,general-drilling,.xls,572416,True,calamine-static,ok,calamine-supported-records-and-vba-complete,30,9,0,0,147,85,93,angle|density|dynamic_viscosity|fraction|length|linear_mass|mass_fraction|power|pressure|pressure_gradient|temperature|time|volume|volumetric_flow,bbl|bbl/min|cP|degF|ft|g/cm^3|gal|h|hp|in|lbm/ft|lbm/gal|min|percent|ppg|ppm|psi|psi/ft|rad,casing.capacity|cementing.volume|cross-cutting.lookup|cross-cutting.unit-conversion|general-drilling.unresolved|hydraulics.bit-nozzle|hydraulics.equivalent-circulating-density|hydraulics.fluid-properties|hydraulics.hydrostatic-pressure|hydraulics.pressure-loss,0,11,,ok,enabled,True,8,92,0,10
919d5d19a825b186,hydraulics,.xls,58368,True,calamine-static,ok,calamine-supported-records-and-vba-complete,2,0,1,0,25,13,5,area|density|length|power|pressure|volumetric_flow,ft|ft^2|gal/min|hp|in|kg/m^3|psi,bha.motor-performance|hydraulics.annular-velocity|hydraulics.pressure-loss|hydraulics.reynolds-number|hydraulics.unresolved,0,15,,ok,enabled,True,4,0,0,1
9900762f1edd4ae6,directional,.xls,4738048,True,calamine-static,ok,calamine-supported-records-and-vba-complete,10,0,0,0,2267,124,9615,angle|fraction|length|time,deg|ft|h|percent|rad|s,cross-cutting.lookup|directional.coordinates|directional.dogleg-severity|directional.unresolved|torque-drag.connection-capacity,0,0,,ok,enabled,True,11,15,0,6
99541520e60d10a5,hydraulics,.xlsx,3206920,True,openpyxl-read-only,ok,ooxml-formulas-names-and-vba-complete,3,0,0,0,12828,1,0,fraction,percent,cross-cutting.validation|hydraulics.reynolds-number,0,0,,ok,enabled,False,0,0,0,0
9c1a98952c10d8be,bha-tools,.xlsx,285769,True,openpyxl-read-only,ok,ooxml-formulas-names-and-vba-complete,4,0,0,0,250,16,0,angle|curvature|density|length,deg|deg/30m|ft|m|ppg|rad,bha.geometry|directional.coordinates|torque-drag.connection-capacity,0,0,,ok,enabled,False,0,0,0,0
9d94e7c93c53521d,hydraulics,.xlsx,23830408,True,openpyxl-read-only,ok,ooxml-formulas-names-and-vba-complete,3,0,0,0,134748,8,0,,,hydraulics.reynolds-number|hydraulics.unresolved,0,0,,ok,enabled,False,0,0,0,0
9dbc746eb3c5e468,cementing-casing,.xls,77312,True,calamine-static,ok,calamine-supported-records-and-vba-complete,1,0,0,0,22,9,20,density|length|pressure|time,ft|in|ppg|psi|s,casing-cementing.unresolved|casing.strength|cross-cutting.lookup|torque-drag.stress-capacity,0,0,,ok,enabled,False,0,0,0,0
a09760979bc979fd,torque-drag-drillstring,.xlsm,155387,True,openpyxl-read-only,ok,ooxml-formulas-names-and-vba-complete,12,0,0,0,563,52,6,density|fraction|length|linear_mass|pressure,ft|in|lbm/ft|percent|ppg|psi,bha.geometry|casing.strength|torque-drag.axial-load|torque-drag.connection-capacity|torque-drag.unresolved,0,0,,ok,enabled,True,2,9,0,1
a152748f5aed45bb,hydraulics,.xlsx,8746,True,openpyxl-read-only,ok,ooxml-formulas-names-and-vba-complete,3,0,0,0,0,0,0,,,,0,0,,ok,enabled,False,0,0,0,0
a20de360a6901fad,bha-tools,.xlsm,8181407,True,openpyxl-read-only,ok,ooxml-formulas-names-and-vba-complete,45,2,0,0,50671,179,105,angle|angular_velocity|area|curvature|density|density_ratio|dynamic_viscosity|energy|force|fraction|frequency|length|linear_mass|mass|mass_fraction|penetration_rate|power|pressure|pressure_gradient|pump_rate|rotational_speed|specific_heat_capacity|temperature|temperature_gradient|time|torque|velocity|volume|volumetric_flow|yield_stress,Btu|Hz|J|J/(kg*K)|K|L/min|L/s|MPa|MPa/m|N|N*m|Pa|W|bar|bbl|bbl/min|cP|cm|deg|deg/100ft|deg/30m|degC|degC/100m|degF|degF/100ft|ft|ft*lbf|ft/h|ft/min|ft/s|ft^2|ft^3|g/cm^3|gal|gal/min|h|hp|in|in^2|in^3|kJ|kJ/(kg*K)|kN|kN*m|kPa|kPa/m|kW|kg|kg/m|kg/m^3|klbf|ksi|lbf|lbf/(100*ft^2)|lbm|lbm/ft|lbm/ft^3|lbm/gal|m|m/h|m/s|m^2|m^3|m^3/min|m^3/s|min|mm|percent|ppg|ppm|psi|psi/ft|psia|psig|rad|rad/s|rpm|s|specific-gravity|strokes/min,bha.geometry|bha.unresolved|cross-cutting.unit-conversion|directional.coordinates|directional.dogleg-severity|directional.toolface|hydraulics.bit-nozzle|hydraulics.hydrostatic-pressure|torque-drag.axial-load|torque-drag.connection-capacity|torque-drag.stress-capacity,0,72,,ok,enabled,True,46,10,1,3
a86a606c50c1000a,hydraulics,.xls,93184,True,calamine-static,ok,calamine-supported-records-and-vba-complete,4,0,0,0,32,14,3,area|dynamic_viscosity|mass|power|pressure|rotational_speed|temperature|time|volume|volumetric_flow,L/s|cP|degC|ft^2|hp|kg|m^3|psi|rpm|s,hydraulics.unresolved,0,0,,ok,enabled,False,0,0,0,0
aaa642ca1d4178f6,hydraulics,.xlsx,472283,True,openpyxl-read-only,ok,ooxml-formulas-names-and-vba-complete,4,0,0,0,521,3,0,angle|area|density|dynamic_viscosity|length|penetration_rate|pressure|rotational_speed|time|volumetric_flow,cP|ft|ft/h|ft^2|gal/min|in|min|mm|ppg|psi|rad|rpm,cross-cutting.validation|hydraulics.equivalent-circulating-density|hydraulics.pressure-loss|hydraulics.unresolved,0,0,,ok,enabled,False,0,0,0,0
ad8281d5b5ff5bf8,torque-drag-drillstring,.xls,15872,True,calamine-static,ok,calamine-supported-records-and-vba-complete,1,0,0,0,4,4,0,length,ft|in|m,torque-drag.unresolved,0,0,,ok,enabled,False,0,0,0,0
ae621c1b35daafb1,directional,.xlsx,14896,True,openpyxl-read-only,ok,ooxml-formulas-names-and-vba-complete,2,0,0,0,25,13,0,angle|length,ft|rad,directional.coordinates|directional.dogleg-severity|directional.unresolved,0,0,,ok,enabled,False,0,0,0,0
ae768ddc41b85b6f,cementing-casing,.xlsx,23417,True,openpyxl-read-only,ok,ooxml-formulas-names-and-vba-complete,1,0,0,0,0,0,0,,,,0,0,,ok,enabled,False,0,0,0,0
ae9533001ab5aa68,torque-drag-drillstring,.xls,26112,True,calamine-static,ok,calamine-supported-records-and-vba-complete,3,0,0,0,29,23,0,angle|area|length|pressure|time,deg|ft|h|in|in^2|psi|rad,bha.bending-loading|torque-drag.stress-capacity|torque-drag.unresolved,0,0,,ok,enabled,False,0,0,0,0
aeba21cbab05dedc,hydraulics,.xls,84480,True,calamine-static,ok,calamine-supported-records-and-vba-complete,1,0,0,0,175,55,4,density|fraction|length|power|pressure|pump_rate|time|volumetric_flow,ft|gal/min|hp|percent|ppg|psi|s|strokes/min,hydraulics.bit-nozzle|hydraulics.equivalent-circulating-density|hydraulics.hole-cleaning|hydraulics.rheology|hydraulics.unresolved,0,1,,ok,enabled,False,0,0,0,0
af96303bd2882c28,hydraulics,.xlsx,448122,True,openpyxl-read-only,ok,ooxml-formulas-names-and-vba-complete,4,0,0,0,481,2,0,angle|area|density|dynamic_viscosity|length|penetration_rate|pressure|rotational_speed|time|volumetric_flow,cP|ft|ft/h|ft^2|gal/min|in|min|ppg|psi|rad|rpm,cross-cutting.validation|hydraulics.equivalent-circulating-density|hydraulics.pressure-loss,0,0,,ok,enabled,False,0,0,0,0
b147eb91b2f2fd18,thermal,.xlsm,49527039,True,openpyxl-read-only,ok,ooxml-formulas-names-and-vba-complete,43,42,0,0,28862,1935,1341,angle|area|curvature|density|dynamic_viscosity|force|fraction|frequency|length|mass|power|pressure|rheology_consistency|rotational_speed|temperature|time|torque|velocity|volume|volumetric_flow|yield_stress,Hz|N*m|Pa|W|bar|cP|cm|deg|deg/100ft|degC|degF|ft|ft/min|ft/s|gal|gal/min|h|hp|in|in^2|in^3|kPa|kW|kg|kg/m^3|lbf|lbf*s^n/(100*ft^2)|lbf/(100*ft^2)|m|m/s|m^2|m^3/s|min|mm|percent|ppg|psi|rad|rpm,bha.bending-loading|bha.geometry|bha.motor-performance|bha.tool-life|cross-cutting.lookup|cross-cutting.optimization|cross-cutting.unit-conversion|cross-cutting.validation|directional.coordinates|directional.dogleg-severity|hydraulics.annular-velocity|hydraulics.bit-nozzle|hydraulics.flow-regime|hydraulics.fluid-properties|hydraulics.hole-cleaning|hydraulics.pressure-loss|hydraulics.reynolds-number|hydraulics.rheology|thermal.unresolved|torque-drag.contact-force,0,39,,ok,enabled,True,113,502,4,50
b72c195b11e69082,hydraulics,.xls,423424,True,calamine-static,ok,calamine-supported-records-and-vba-complete,21,1,1,0,792,205,2,area|density|dynamic_viscosity|fraction|length|penetration_rate|velocity|volumetric_flow,cP|ft/h|ft/s|ft^2|gal/min|in|percent|ppg,hydraulics.hole-cleaning|hydraulics.unresolved,0,0,,ok,enabled,False,0,0,0,0
bcae2b0cfa613071,hydraulics,.xlsx,15737148,True,openpyxl-read-only,ok,ooxml-formulas-names-and-vba-complete,5,0,0,0,104545,2,0,,,hydraulics.fluid-properties|hydraulics.unresolved,0,0,,ok,enabled,False,0,0,0,0
c00c3d2869bee7b4,directional,.xls,5983232,True,calamine-static,ok,calamine-supported-records-and-vba-complete,10,0,0,0,2247,126,9615,angle|fraction|length|time,deg|ft|h|percent|rad|s,cross-cutting.lookup|directional.coordinates|directional.dogleg-severity|directional.unresolved|torque-drag.connection-capacity,0,0,,ok,enabled,True,11,15,0,6
c489fe62048a52c6,hydraulics,.xlsx,32089,True,openpyxl-read-only,ok,ooxml-formulas-names-and-vba-complete,4,0,0,0,481,2,0,area|density|dynamic_viscosity|length|penetration_rate|pressure|rotational_speed|time|volumetric_flow,cP|ft|ft/h|ft^2|gal/min|in|min|mm|ppg|psi|rpm,cross-cutting.validation|hydraulics.equivalent-circulating-density|hydraulics.pressure-loss,0,0,,ok,enabled,False,0,0,0,0
c7365ac0f26eb95f,bha-tools,.xlsx,205010,True,openpyxl-read-only,ok,ooxml-formulas-names-and-vba-complete,3,0,0,0,37,2,0,length|mass|time,h|kg|m|mm,bha.geometry,0,0,,ok,enabled,False,0,0,0,0
ccf2bd54db46ebc5,hydraulics,.xlsx,32197,True,openpyxl-read-only,ok,ooxml-formulas-names-and-vba-complete,4,0,0,0,481,2,0,area|density|dynamic_viscosity|length|penetration_rate|pressure|rotational_speed|time|volumetric_flow,cP|ft|ft/h|ft^2|gal/min|in|min|mm|ppg|psi|rpm,cross-cutting.validation|hydraulics.equivalent-circulating-density|hydraulics.pressure-loss,0,0,,ok,enabled,False,0,0,0,0
cd4e89d944e757af,hydraulics,.xlsx,1027536,True,openpyxl-read-only,ok,ooxml-formulas-names-and-vba-complete,4,0,0,0,626,24,0,angle|area|density|dynamic_viscosity|length|penetration_rate|pressure|rotational_speed|time|volumetric_flow,cP|ft|ft/h|ft^2|gal/min|in|min|mm|ppg|psi|rad|rpm,cross-cutting.validation|hydraulics.equivalent-circulating-density|hydraulics.pressure-loss|hydraulics.reynolds-number|hydraulics.unresolved,0,0,,ok,enabled,False,0,0,0,0
cdc1401e53841798,bha-tools,.xlsx,721234,True,openpyxl-read-only,ok,ooxml-formulas-names-and-vba-complete,1,0,0,0,50,25,0,fraction|length|mass|volume,bbl|ft|in|kg|mm|percent,bha.geometry|bha.motor-performance|cross-cutting.lookup|hydraulics.fluid-properties|torque-drag.connection-capacity,0,0,,ok,enabled,False,0,0,0,0
cedfdf758e91c9a6,bha-tools,.xls,20992,True,calamine-static,ok,calamine-supported-records-and-vba-complete,3,0,0,0,38,19,0,angle|area|length,deg|ft|in|in^2,bha.unresolved|torque-drag.axial-load,0,0,,ok,enabled,False,0,0,0,0
d338233f05c5e396,directional,.xls,4738560,True,calamine-static,ok,calamine-supported-records-and-vba-complete,10,0,0,0,2266,124,9615,angle|fraction|length|time,deg|ft|h|percent|rad|s,cross-cutting.lookup|directional.coordinates|directional.dogleg-severity|directional.unresolved|torque-drag.connection-capacity,0,0,,ok,enabled,True,11,15,0,6
d3f73f2583b83fa0,bha-tools,.xls,648704,True,calamine-static,ok,calamine-supported-records-and-vba-complete,34,0,0,0,610,356,9,density_ratio|length|linear_mass|mass|power|time|volume,bbl|ft|hp|in|kg|kg/m|m|s|specific-gravity,bha.geometry|torque-drag.connection-capacity,0,0,,ok,enabled,False,0,0,0,0
d48acc7d8e572848,bha-tools,.xls,201728,True,calamine-static,ok,calamine-supported-records-and-vba-complete,1,0,0,0,23,10,1,length|penetration_rate,ft/h|in,bha.geometry,0,0,,ok,enabled,False,0,0,0,0
d90d33dfed854317,bha-tools,.xlsx,94924,True,openpyxl-read-only,ok,ooxml-formulas-names-and-vba-complete,1,0,0,0,0,0,30,,,,0,0,,ok,enabled,False,0,0,0,0
dbfddbefee5b196d,uncategorized,.xlsb,25627016,True,calamine-static,ok,calamine-supported-records-and-vba-complete,6,0,0,0,8,2,2,length|pressure|rotational_speed,ft|psi|rpm,bha.geometry|bha.motor-performance|cross-cutting.lookup|directional.coordinates|directional.dogleg-severity|hydraulics.pressure-loss|hydraulics.reynolds-number|torque-drag.axial-load|torque-drag.connection-capacity|torque-drag.torque|unresolved,0,0,,ok,enabled,True,14,85,0,6
dc888cd53f297b84,thermal,.xls,332800,True,calamine-static,ok,calamine-supported-records-and-vba-complete,3,0,0,0,152,43,6,angle|area|density|energy|fraction|heat_transfer_coefficient|length|mass|power|pressure|specific_heat_capacity|temperature|thermal_conductivity|time|velocity,Btu|Btu/(h*ft*degF)|Btu/(h*ft^2*degF)|Btu/(lbm*degF)|K|W/(m^2*K)|cm|deg|degC|degF|ft|ft^2|g/cm^3|h|hp|in|kW|kg|kg/m^3|lbm/ft^3|lbm/gal|m/s|m^2|percent|psi|psia,cross-cutting.lookup|thermal.geothermal-gradient|thermal.heat-exchange,0,0,,ok,enabled,False,0,0,0,0
de6f0fc41517cd0b,well-control,.xls,63488,True,calamine-static,ok,calamine-supported-records-and-vba-complete,3,0,0,0,7,7,0,length|pressure|temperature,degF|in|psia,well-control.unresolved,0,0,,ok,enabled,False,0,0,0,0
e2a8f7179c81b8c0,torque-drag-drillstring,.xlsm,26615,True,openpyxl-read-only,ok,ooxml-formulas-names-and-vba-complete,3,0,0,0,41,2,0,density|force|length|linear_mass|pressure,MPa|ft|in|kN|kg/m^3|lbm/ft|lbm/ft^3|m|mm|psi,bha.geometry|hydraulics.fluid-properties,41,0,,ok,enabled,True,4,6,6,1
e729a48f04acf271,well-control,.xls,180736,True,calamine-static,ok,calamine-supported-records-and-vba-complete,6,1,0,0,7,7,0,density_ratio|length|pressure|velocity|volume,ft/s|in|m^3|psia|psig|specific-gravity,hydraulics.fluid-properties|hydraulics.hydrostatic-pressure|well-control.unresolved,0,0,,ok,enabled,False,0,0,0,0
e7cb09f7199d8263,hydraulics,.xlsx,1118128,True,openpyxl-read-only,ok,ooxml-formulas-names-and-vba-complete,4,0,0,0,421,4,0,angle|area|density|dynamic_viscosity|length|penetration_rate|pressure|rotational_speed|time|volumetric_flow,cP|ft|ft/h|ft^2|gal/min|in|min|mm|ppg|psi|rad|rpm,cross-cutting.validation|hydraulics.equivalent-circulating-density|hydraulics.pressure-loss|hydraulics.unresolved,0,0,,ok,enabled,False,0,0,0,0
e8e922ac045c3b52,hydraulics,.xlsx,22020,True,openpyxl-read-only,ok,ooxml-formulas-names-and-vba-complete,3,0,0,0,2,2,0,,,hydraulics.unresolved,0,0,,ok,enabled,False,0,0,0,0
ed945bbfd0732f3a,hydraulics,.xlsx,180872,True,openpyxl-read-only,ok,ooxml-formulas-names-and-vba-complete,3,0,0,0,94,1,0,,,hydraulics.unresolved,0,0,,ok,enabled,False,0,0,0,0
eead67a5b5e26825,hydraulics,.xlsx,1041023,True,openpyxl-read-only,ok,ooxml-formulas-names-and-vba-complete,4,0,0,0,301,3,0,angle|area|density|dynamic_viscosity|length|penetration_rate|pressure|rotational_speed|time|volumetric_flow,cP|ft|ft/h|ft^2|gal/min|in|min|mm|ppg|psi|rad|rpm,cross-cutting.validation|hydraulics.equivalent-circulating-density|hydraulics.unresolved,0,0,,ok,enabled,False,0,0,0,0
f0be457863a6cecc,hydraulics,.xls,40448,True,calamine-static,ok,calamine-supported-records-and-vba-complete,4,0,0,0,75,60,1,length|power|pressure|time|velocity|volume|volumetric_flow,cm|gal/min|hp|kPa|m|m/s|m^3|m^3/min|min|mm|psi,cross-cutting.unit-conversion|hydraulics.hydrostatic-pressure|hydraulics.pressure-loss|hydraulics.two-phase-flow,0,0,,ok,enabled,True,4,1,0,1
f2ee68608fec03f5,hydraulics,.xls,107008,True,calamine-static,ok,calamine-supported-records-and-vba-complete,4,0,0,0,0,0,0,fraction|length|temperature|time|volume,bbl|degF|h|m|mm|percent,,0,0,,ok,enabled,False,0,0,0,0
f6201fb121ebbf2c,directional,.xls,5156352,True,calamine-static,ok,calamine-supported-records-and-vba-complete,10,0,0,0,2210,123,9615,angle|fraction|length|time,deg|ft|h|percent|rad|s,cross-cutting.lookup|directional.coordinates|directional.dogleg-severity|directional.unresolved|torque-drag.connection-capacity,0,0,,ok,enabled,True,11,15,0,6
fa4a08f6c42eb693,torque-drag-drillstring,.xlsx,61381,True,openpyxl-read-only,ok,ooxml-formulas-names-and-vba-complete,3,0,0,0,1362,1,0,,,torque-drag.unresolved,0,0,,ok,enabled,False,0,0,0,0
fd6bc4683cd208c1,torque-drag-drillstring,.xls,419840,True,calamine-static,ok,calamine-supported-records-and-vba-complete,5,0,0,0,0,0,0,angle|force|length|torque,deg|ft|ft*lbf|lbf,cross-cutting.unit-conversion|hydraulics.fluid-properties|torque-drag.axial-load|torque-drag.torque,0,0,,ok,enabled,True,12,38,5,25
